"TCR_ID","CDR1a","CDR2a","CDR2.5a","CDR3a","CDR1b","CDR2b","CDR2.5b","CDR3b","EPITOPE","SCORE","REF_TCR_ID","Source"
"lc-cd4-cd8_1129","YGATPY","YFSGDTLV","KRSQSS","CAVGERGATNKLIF","SGDLS","YYNGEE","FPDLH","CASSEQGRVTGELFF","QMMVKAGL",-4.35623,"vdj_QMMVKAGL_2","lc-cd4-cd8_paired"
"lc-cd4-cd8_1136","VGISA","LSSGK","NIQEKH","CAVRSRNTDKLIF","MGHRA","YSYEKL","PNSSL","CASMSYTGGGNEQFF","QMMVKAGL",-2.84488,"vdj_QMMVKAGL_58","lc-cd4-cd8_paired"
"lc-cd4-cd8_1175","YGGTVN","YFSGDPLV","IKSKFS","CAVNVKGGGADGLTF","SGHDT","YYEEEE","FPNYS","CASSLSGQGEGGTEAFF","QMMVKAGL",-3.73391,"vdj_QMMVKAGL_4","lc-cd4-cd8_paired"
"lc-cd4-cd8_1293","TISGNEY","GLKNN","TEDRKS","CIVRKDNNARLMF","LNHDA","SQIVND","EKKES","CAMSGGRNQPQHF","QMMVKAGL",-4.80074,"vdj_QMMVKAGL_8","lc-cd4-cd8_paired"
"lc-cd4-cd8_1326","NIATNDY","GYKTK","PADRKS","CLVGAFTGGGNKLTF","SNHLY","FYNNEI","PDGSN","CASSEVGSSSYNSPLHF","QMMVKAGL",-3.82281,"vdj_QMMVKAGL_16","lc-cd4-cd8_paired"
"lc-cd4-cd8_1330","ATGYPS","ATKADDK","RKETTS","CALSDGGGYNKLIF","DFQATT","SNEGSKA","ASLTL","CSALGGGQETQYF","QMMVKAGL",-2.13366,"vdj_QMMVKAGL_30","lc-cd4-cd8_paired"
"lc-cd4-cd8_1608","TSINN","IRSNERE","DTSKKS","CATMDNARLMF","LGHDT","YNNKEL","PDKAH","CASGGTRYNEQFF","QMMVKAGL",-3.82281,"vdj_QMMVKAGL_47","lc-cd4-cd8_paired"
"lc-cd4-cd8_1963","DSAIYN","IQSSQRE","DKSSGR","CAVGGSQGNLIF","SGHDY","FNNNVP","PNASF","CASSLVQGVAEQYF","QMMVKAGL",-2.93379,"vdj_QMMVKAGL_35","lc-cd4-cd8_paired"
"lc-cd4-cd8_2145","NIATNDY","GYKTK","PADRKS","CLVGVDFGNEKLTF","SNHLY","FYNNEI","PDGSN","CASSEASGSYEQYF","QMMVKAGL",-3.82281,"vdj_QMMVKAGL_16","lc-cd4-cd8_paired"
"lc-cd4-cd8_2150","NSMFDY","ISSIKDK","NKSAKH","CAASEPGGGADGPTF","SGDLS","YYNGEE","FPDLH","CASNRDGGSYEQYF","QMMVKAGL",-3.02269,"vdj_QMMVKAGL_17","lc-cd4-cd8_paired"
"lc-cd4-cd8_2325","DRGSQS","IYSNGD","NKASQY","CAVREGGKLIF","SGHDY","FNNNVP","PNASF","CASSQSLLADEQYF","QMMVKAGL",-3.73391,"vdj_QMMVKAGL_40","lc-cd4-cd8_paired"
"lc-cd4-cd8_2412","TSINN","IRSNERE","DTSKKS","CASDYGGSQGNLIF","LGHDT","YNNKEL","PDKAH","CASSHIQGFEETQYF","QMMVKAGL",-2.22256,"vdj_QMMVKAGL_47","lc-cd4-cd8_paired"
"lc-cd4-cd8_2518","YGATPY","YFSGDTLV","KRSQSS","CAVARSGAGSYQLTF","SGHDT","YYEEEE","FPNYS","CASSPLGGGAYNEQFF","QMMVKAGL",-4.9201,"vdj_QMMVKAGL_4","lc-cd4-cd8_paired"
"lc-cd4-cd8_2549","NSMFDY","ISSIKDK","NKSAKH","CAASEPGGGADGLTF","SGDLS","YYNGEE","FPDLH","CASNRDGGSYEQYF","QMMVKAGL",-3.02269,"vdj_QMMVKAGL_17","lc-cd4-cd8_paired"
"lc-cd4-cd8_2647","TSINN","IRSNERE","DTSKKS","CATPSGGTALIF","LGHDT","YNNKEL","PDKAH","CASSRTGDSNQPQHF","QMMVKAGL",-3.3783,"vdj_QMMVKAGL_47","lc-cd4-cd8_paired"
"lc-cd4-cd8_2696","DRGSQS","IYSNGD","NKASQY","CAVFLSDGQKLLF","SGHDY","FNNNVP","PNASF","CASSPQPAGSYEQYF","QMMVKAGL",-2.93379,"vdj_QMMVKAGL_40","lc-cd4-cd8_paired"
"lc-cd4-cd8_2754","DRGSQS","IYSNGD","NKASQY","CAVKERGSTLGRLYF","SGHNS","FNNNVP","PNASF","CASSLGAGTDTQYF","QMMVKAGL",-2.75598,"vdj_QMMVKAGL_40","lc-cd4-cd8_paired"
"lc-cd4-cd8_281","TSINN","IRSNERE","DTSKKS","CATDSGDSWGKLQF","SGHAT","FQNNGV","LKGVD","CASSSRADEQFF","QMMVKAGL",-2.22256,"vdj_QMMVKAGL_53","lc-cd4-cd8_paired"
"lc-cd4-cd8_284","TISGTDY","GLTSN","AEDRKS","CIPVYNFNKFYF","MGHRA","YSYEKL","PNSSL","CASSQGRIGLPDTEAFF","QMMVKAGL",-3.64501,"vdj_QMMVKAGL_23","lc-cd4-cd8_paired"
"lc-cd4-cd8_2882","DRGSQS","IYSNGD","NKASQY","CAVIGTGANNLFF","SGHNS","FNNNVP","PNASF","CASSYGQGLMDGYTF","QMMVKAGL",-4.08952,"vdj_QMMVKAGL_40","lc-cd4-cd8_paired"
"lc-cd4-cd8_2914","VSGLRG","LYSAGEE","TKKE","CAVHGESGGSYIPTF","SGHNS","FNNNVP","PNASF","CASSPPERQETQYF","QMMVKAGL",-2.75598,"vdj_QMMVKAGL_38","lc-cd4-cd8_paired"
"lc-cd4-cd8_2924","ATGYPS","ATKADDK","RKETTS","CALSERNQGGKLIF","DFQATT","SNEGSKA","ASLTL","CSARDLKDNLALHF","QMMVKAGL",-3.5561,"vdj_QMMVKAGL_30","lc-cd4-cd8_paired"
"lc-cd4-cd8_3301","YGATPY","YFSGDTLV","KRSQSS","CAVGAIYGGSQGNLIF","MNHEY","SMNVEV","KEKRN","CASSSRESLYEQYF","QMMVKAGL",-2.66708,"vdj_QMMVKAGL_45","lc-cd4-cd8_paired"
"lc-cd4-cd8_3461","VSGLRG","LYSAGEE","TKKE","CAVHGDYKLSF","DFQATT","SNEGSKA","ASLTL","CSARNGLAGVDEQFF","QMMVKAGL",-3.11159,"vdj_QMMVKAGL_60","lc-cd4-cd8_paired"
"lc-cd4-cd8_3471","NSMFDY","ISSIKDK","NKSAKH","CAADALGPNTGNQFYF","SGDLS","YYNGEE","FPDLH","CASSGPWGGKTEAFF","QMMVKAGL",-3.02269,"vdj_QMMVKAGL_17","lc-cd4-cd8_paired"
"lc-cd4-cd8_3612","NSMFDY","ISSIKDK","NKSAKH","CAARDAGNQFYF","SGDLS","YYNGEE","FPDLH","CASSVDPSFTDTQYF","QMMVKAGL",-2.93379,"vdj_QMMVKAGL_17","lc-cd4-cd8_paired"
"lc-cd4-cd8_3701","DSASNY","IRSNVGE","NKTAKH","CAATGLTGNQFYF","MGHRA","YSYEKL","PNSSL","CASSSSPGLNTEAFF","QMMVKAGL",-3.11159,"vdj_QMMVKAGL_19","lc-cd4-cd8_paired"
"lc-cd4-cd8_377","NSMFDY","ISSIKDK","NKSAKH","CAASYSNYQLIW","LGHDT","YNNKEL","PDKAH","CASSQFKRGQETQYF","QMMVKAGL",-2.57818,"vdj_QMMVKAGL_55","lc-cd4-cd8_paired"
"lc-cd4-cd8_501","ATGYPS","ATKADDK","RKETTS","CALRLYNFNKFYF","DFQATT","SNEGSKA","ASLTL","CSASTGTLQETQYF","QMMVKAGL",-2.75598,"vdj_QMMVKAGL_30","lc-cd4-cd8_paired"
"lc-cd4-cd8_515","YGATPY","YFSGDTLV","KRSQSS","CAASAGGGADGLTF","MNHEY","SMNVEV","KEKRN","CASSAGGQPQHF","QMMVKAGL",-4.00062,"vdj_QMMVKAGL_45","lc-cd4-cd8_paired"
"lc-cd4-cd8_633","DRGSQS","IYSNGD","NKASQY","CAASGGSYIPTF","SGHDY","FNNNVP","PNASF","CASSLGLAGITDTQYF","QMMVKAGL",-2.40037,"vdj_QMMVKAGL_40","lc-cd4-cd8_paired"
"lc-cd4-cd8_72","NSMFDY","ISSIKDK","NKSAKH","CAARTGNQFYF","SGHAT","FQNNGV","LKGVD","CASSLGQGRPFVEQYF","QMMVKAGL",-3.2894,"vdj_QMMVKAGL_57","lc-cd4-cd8_paired"
"lc-cd8_1034","ATGYPS","ATKADDK","RKETTS","CALYLDYKLSF","SGHAT","FQNNGV","LKGVD","CASSLSSWKENTEAFF","QMMVKAGL",-2.75598,"vdj_QMMVKAGL_28","lc-cd8_paired"
"lc-cd8_1045","DRGSQS","IYSNGD","NKASQY","CAVFLSDGQKLLF","SGHDY","FNNNVP","PNASF","CASSPQPAGSYEQYF","QMMVKAGL",-2.93379,"vdj_QMMVKAGL_40","lc-cd8_paired"
"lc-cd8_1047","TSINN","IRSNERE","DTSKKS","CATDSYPNDYKLSF","SGHAT","FQNNGV","LKGVD","CASSLESALNEQFF","QMMVKAGL",-1.77805,"vdj_QMMVKAGL_53","lc-cd8_paired"
"lc-cd8_1122","TISGTDY","GLTSN","AEDRKS","CILDNNNDMRF","SGHVS","FNYEAQ","PEGSI","CASSLAPGTTNEKLFF","NLVPMVATV",0,"iedb_NLVPMVATV_97","lc-cd8_paired"
"lc-cd8_1157","TISGTDY","GLTSN","AEDRKS","CILRDAGGTSYGKLTF","MGHRA","YSYEKL","PNSSL","CASSSAGVPNTEAFF","QMMVKAGL",-3.64501,"vdj_QMMVKAGL_23","lc-cd8_paired"
"lc-cd8_1163","TISGNEY","GLKNN","TEDRKS","CIVRPKGGGADGLTF","LNHDA","SQIVND","EKKES","CASTPLGQRNTGELFF","QMMVKAGL",-3.3783,"vdj_QMMVKAGL_8","lc-cd8_paired"
"lc-cd8_1227","VSGLRG","LYSAGEE","TKKE","CAVQARYGGSQGNLIF","MDHEN","SYDVKM","EKKER","CASSFTSQGGAYDEQYF","QMMVKAGL",-2.40037,"vdj_QMMVKAGL_29","lc-cd8_paired"
"lc-cd8_123","DRGSQS","IYSNGD","NKASQY","CAVRGSTNAGKSTF","SGHAT","FQNNGV","LKGVD","CASSPSYEQYF","QMMVKAGL",-2.22256,"vdj_QMMVKAGL_34","lc-cd8_paired"
"lc-cd8_1246","DRGSQS","IYSNGD","NKASQY","CAYNNARLMF","SGHAT","FQNNGV","LKGVD","CASSLGEVYEQYF","QMMVKAGL",-2.40037,"vdj_QMMVKAGL_34","lc-cd8_paired"
"lc-cd8_1247","TSINN","IRSNERE","DTSKKS","CATDATTGNQFYF","SGHAT","FQNNGV","LKGVD","CASSLQTRWDEQYF","QMMVKAGL",-1.06683,"vdj_QMMVKAGL_53","lc-cd8_paired"
"lc-cd8_1329","NSMFDY","ISSIKDK","NKSAKH","CAAISSGSARQLTF","SGDLS","YYNGEE","FPDLH","CASSVGLGAGELFF","QMMVKAGL",-3.02269,"vdj_QMMVKAGL_17","lc-cd8_paired"
"lc-cd8_1357","SSYSPS","YTSAATLV","KKSETS","CVCYNQGGKLIF","DFQATT","SNEGSKA","ASLTL","CSAERREPLSYEQYF","QMMVKAGL",-3.3783,"vdj_QMMVKAGL_51","lc-cd8_paired"
"lc-cd8_1393","DRGSQS","IYSNGD","NKASQY","CAVNWARLMF","SGHAT","FQNNGV","LKGVD","CASSGEKLFF","QMMVKAGL",-2.57818,"vdj_QMMVKAGL_34","lc-cd8_paired"
"lc-cd8_1418","NSMFDY","ISSIKDK","NKSAKH","CAASASGGSNYKLTF","SGHAT","FQNNGV","LKGVD","CASSQFGGHEQYF","QMMVKAGL",-3.20049,"vdj_QMMVKAGL_57","lc-cd8_paired"
"lc-cd8_1459","VSGLRG","LYSAGEE","TKKE","CAVQAAGANSKLTF","MDHEN","SYDVKM","EKKER","CASSRGQGRDGYTF","QMMVKAGL",-4.17842,"vdj_QMMVKAGL_29","lc-cd8_paired"
"lc-cd8_1491","DRGSQS","IYSNGD","NKASQY","CAVEGNKLTF","SGHDY","FNNNVP","PNASF","CASSLAQRNTEAFF","QMMVKAGL",-3.64501,"vdj_QMMVKAGL_40","lc-cd8_paired"
"lc-cd8_15","NSMFDY","ISSIKDK","NKSAKH","CAASDGGGADGLTF","SGHAT","FQNNGV","LKGVD","CASSQSIYSTGGNYGYTF","QMMVKAGL",-4.71184,"vdj_QMMVKAGL_57","lc-cd8_paired"
"lc-cd8_1534","NSMFDY","ISSIKDK","NKSAKH","CAASANNAGGTSYGKLTF","SGDLS","YYNGEE","FPDLH","CASSVRLAGIGELFF","QMMVKAGL",-2.31147,"vdj_QMMVKAGL_17","lc-cd8_paired"
"lc-cd8_1540","NIATNDY","GYKTK","PADRKS","CLVGLLDSNYQLIW","SNHLY","FYNNEI","PDGSN","CASSEGSRSYEQYF","QMMVKAGL",-3.64501,"vdj_QMMVKAGL_16","lc-cd8_paired"
"lc-cd8_1572","VSGLRG","LYSAGEE","TKKE","CAVPLFSDGQKLLF","DFQATT","SNEGSKA","ASLTL","CSAIAGLAANYGYTF","QMMVKAGL",-3.82281,"vdj_QMMVKAGL_60","lc-cd8_paired"
"lc-cd8_219","SSYSPS","YTSAATLV","KKSETS","CVAQGSSTLGRLYF","SQVTM","ANQGSEA","PNLTF","CSVEPGQGAYEQYF","QMMVKAGL",-2.40037,"vdj_QMMVKAGL_26","lc-cd8_paired"
"lc-cd8_255","TSINN","IRSNERE","DTSKKS","CATVYNTDKLIF","SGHAT","FQNNGV","LKGVD","CASSWDGGAYEQYF","QMMVKAGL",-2.13366,"vdj_QMMVKAGL_53","lc-cd8_paired"
"lc-cd8_277","NSMFDY","ISSIKDK","NKSAKH","CAASFASGTYKYIF","SGHAT","FQNNGV","LKGVD","CASSLGHEQYF","QMMVKAGL",-3.91171,"vdj_QMMVKAGL_57","lc-cd8_paired"
"lc-cd8_28","DSASNY","IRSNVGE","NKTAKH","CGTGGGNKLTF","MGHRA","YSYEKL","PNSSL","CASSQGISSPYEQYF","QMMVKAGL",-3.5561,"vdj_QMMVKAGL_19","lc-cd8_paired"
"lc-cd8_378","DSAIYN","IQSSQRE","DKSSGR","CAVLNSGGGADGLTF","SGHNS","FNNNVP","PNASF","CASVVGGPLGELFF","QMMVKAGL",-3.20049,"vdj_QMMVKAGL_35","lc-cd8_paired"
"lc-cd8_402","DSVNN","IPSGT","VATERY","CAVGLSGGYQKVTF","SGDLS","YYNGEE","FPDLH","CASSVGGGTEAFF","QMMVKAGL",-3.20049,"vdj_QMMVKAGL_20","lc-cd8_paired"
"lc-cd8_440","NSMFDY","ISSIKDK","NKSAKH","CAASARGGTGGKLIF","SGHAT","FQNNGV","LKGVD","CASSLPDREGETQYF","QMMVKAGL",-3.2894,"vdj_QMMVKAGL_57","lc-cd8_paired"
"lc-cd8_540","NYSPAY","IRENEKE","DTTLKQ","CALEPQNSGYALNF","SGDLS","YYNGEE","FPDLH","CASSVGLAVYEQYF","QMMVKAGL",-3.2894,"vdj_QMMVKAGL_61","lc-cd8_paired"
"lc-cd8_543","TSINN","IRSNERE","DTSKKS","CATAMTTDSWGKLQF","LGHDT","YNNKEL","PDKAH","CASLAGGSYNEQFF","QMMVKAGL",-3.3783,"vdj_QMMVKAGL_47","lc-cd8_paired"
"lc-cd8_582","SSYSPS","YTSAATLV","KKSETS","CVVSDLGSSGTYKYIF","DFQATT","SNEGSKA","ASLTL","CSARWGRNTGELFF","QMMVKAGL",-2.84488,"vdj_QMMVKAGL_51","lc-cd8_paired"
"lc-cd8_677","VSGLRG","LYSAGEE","TKKE","CAVQAPGNTDKLIF","MDHEN","SYDVKM","EKKER","CASSGQVNEQFF","QMMVKAGL",-4.26732,"vdj_QMMVKAGL_29","lc-cd8_paired"
"lc-cd8_708","ATGYPS","ATKADDK","RKETTS","CALGRSGSARQLTF","DFQATT","SNEGSKA","ASLTL","CSARGRDTLASDTQYF","QMMVKAGL",-4.26732,"vdj_QMMVKAGL_30","lc-cd8_paired"
"lc-cd8_714","DSSSTY","IFSNMDM","NKKDKH","CAVTPALDYGGSQGNLIF","MGHDK","SYGVNS","IRTEH","CASSESGVTFYGYTF","QMMVKAGL",-4.00062,"vdj_QMMVKAGL_43","lc-cd8_paired"
"lc-cd8_730","DSAIYN","IQSSQRE","DKSSGR","CAAHAGGTSYGKLTF","SGHDY","FNNNVP","PNASF","CASSLFPPGQGLNEQFF","QMMVKAGL",-4.97855,"vdj_QMMVKAGL_35","lc-cd8_paired"
"lc-cd8_743","DSASNY","IRSNVGE","NKTAKH","CAASKGYSGGGADGLTF","MGHRA","YSYEKL","PNSSL","CASSHSQTSGTYNEQFF","QMMVKAGL",-3.82281,"vdj_QMMVKAGL_19","lc-cd8_paired"
"lc-cd8_779","DSAIYN","IQSSQRE","DKSSGR","CAVRPAWDDKIIF","SGHDY","FNNNVP","PNASF","CASRPGSREQFF","QMMVKAGL",-3.5561,"vdj_QMMVKAGL_35","lc-cd8_paired"
"lc-cd8_800","DSASNY","IRSNVGE","NKTAKH","CAANKAAGNKLTF","MGHRA","YSYEKL","PNSSL","CASSQAVAGGSYEQYF","QMMVKAGL",-2.84488,"vdj_QMMVKAGL_19","lc-cd8_paired"
"lc-cd8_802","NSMFDY","ISSIKDK","NKSAKH","CAARDQGGSEKLVF","SGHAT","FQNNGV","LKGVD","CASSCGLAGDCSSNEQFF","QMMVKAGL",-4.17842,"vdj_QMMVKAGL_57","lc-cd8_paired"
"lc-cd8_865","NIATNDY","GYKTK","PADRKS","CLVGDSTGGFKTIF","SNHLY","FYNNEI","PDGSN","CASSEEAYEQYF","QMMVKAGL",-4.80074,"vdj_QMMVKAGL_16","lc-cd8_paired"
"lc-cd8_871","NSMFDY","ISSIKDK","NKSAKH","CAARDAGNQFYF","SGDLS","YYNGEE","FPDLH","CASSVDPSFTDTQYF","QMMVKAGL",-2.93379,"vdj_QMMVKAGL_17","lc-cd8_paired"
"lc-cd8_902","VSGLRG","LYSAGEE","TKKE","CAVHPRDSGYALNF","SGHDY","FNNNVP","PNASF","CASSPDGSNQPQHF","QMMVKAGL",-3.64501,"vdj_QMMVKAGL_38","lc-cd8_paired"
"lc-cd8_909","NSMFDY","ISSIKDK","NKSAKH","CAARHNPTGNQFYF","LGHDT","YNNKEL","PDKAH","CASSQDGRGLEQYF","QMMVKAGL",-1.51134,"vdj_QMMVKAGL_55","lc-cd8_paired"
"lc-cd8_918","DSAIYN","IQSSQRE","DKSSGR","CAVREDSSYKLIF","SEHNR","FQNEAQ","PKGSF","CASSGIGTSGSPDTQYF","RFPLTFGWCF",-4,"iedb_RFPLTFGWCF_2","lc-cd8_paired"
"lc-cd8_978","VSGLRG","LYSAGEE","TKKE","CAVTVNFGNEKLTF","SGHNS","FNNNVP","PNASF","CASSGTLNTGELFF","QMMVKAGL",-4.00062,"vdj_QMMVKAGL_38","lc-cd8_paired"
"lc-cd8_988","DSAIYN","IQSSQRE","DKSSGR","CAVYMDSNYQLIW","SGHDY","FNNNVP","PNASF","CASSTVSQTDTQYF","QMMVKAGL",-3.20049,"vdj_QMMVKAGL_35","lc-cd8_paired"
"mecfs-cd4-cd8_10","YGATPY","YFSGDTLV","KRSQSS","CAVGAYSGAGSYQLTF","DFQATT","SNEGSKA","ASLTL","CSATNLGAEQYF","RFPLTFGWCF",-4,"iedb_RFPLTFGWCF_42","mecfs-cd4-cd8_paired"
"mecfs-cd4-cd8_1035","VSGLRG","LYSAGEE","TKKE","CAVVLSGGGNKLTF","DFQATT","SNEGSKA","ASLTL","CSARGTGGPGSEQYF","QMMVKAGL",-3.20049,"vdj_QMMVKAGL_60","mecfs-cd4-cd8_paired"
"mecfs-cd4-cd8_1046","TSENNYY","QEAYKQQN","QKAAKS","CAFMKRYSGTYKYIF","LGHNT","FRNRAP","PDATL","CASGLVSLEEANEQFF","QMMVKAGL",-1.95586,"vdj_QMMVKAGL_36","mecfs-cd4-cd8_paired"
"mecfs-cd4-cd8_1062","VSGLRG","LYSAGEE","TKKE","CAPAAGGYNKLIF","DFQATT","SNEGSKA","ASLTL","CSARVMGSGSYNEQFF","QMMVKAGL",-3.82281,"vdj_QMMVKAGL_60","mecfs-cd4-cd8_paired"
"mecfs-cd4-cd8_108","TSINN","IRSNERE","DTSKKS","CATGGGDNDMRF","LGHDT","YNNKEL","PDKAH","CASRGQGINEQFF","QMMVKAGL",-3.4672,"vdj_QMMVKAGL_47","mecfs-cd4-cd8_paired"
"mecfs-cd4-cd8_1125","SSYSPS","YTSAATLV","KKSETS","CVVSVMNRDDKIIF","LNHDA","SQIVND","EKKES","CASSLGGLRYF","QMMVKAGL",-4.35623,"vdj_QMMVKAGL_52","mecfs-cd4-cd8_paired"
"mecfs-cd4-cd8_1135","VSGLRG","LYSAGEE","TKKE","CAVRYRGSTLGRLYF","DFQATT","SNEGSKA","ASLTL","CSASWSGRPSQETQYF","QMMVKAGL",-4.26732,"vdj_QMMVKAGL_60","mecfs-cd4-cd8_paired"
"mecfs-cd4-cd8_1180","YGGTVN","YFSGDPLV","IKSKFS","CAVRGTDSWGKLQF","SGHDT","YYEEEE","FPNYS","CASSLSGGETQYF","QMMVKAGL",-4.00062,"vdj_QMMVKAGL_4","mecfs-cd4-cd8_paired"
"mecfs-cd4-cd8_1232","YGATPY","YFSGDTLV","KRSQSS","CAVGAYSGAGSYQLTF","MNHEY","SMNVEV","KEKRN","CASSLSAGSEQFF","QMMVKAGL",-3.11159,"vdj_QMMVKAGL_45","mecfs-cd4-cd8_paired"
"mecfs-cd4-cd8_1244","ATGYPS","ATKADDK","RKETTS","CALSHYSSASKIIF","DFQATT","SNEGSKA","ASLTL","CSARDPLAGGLGQTQYF","QMMVKAGL",-4.35623,"vdj_QMMVKAGL_30","mecfs-cd4-cd8_paired"
"mecfs-cd4-cd8_1258","VSGLRG","LYSAGEE","TKKE","CAVQGGKRDDKIIF","SGHDY","FNNNVP","PNASF","CASRPQGTYEQYF","QMMVKAGL",-3.4672,"vdj_QMMVKAGL_38","mecfs-cd4-cd8_paired"
"mecfs-cd4-cd8_1299","TISGNEY","GLKNN","TEDRKS","CIVRGNTGNQFYF","LNHDA","SQIVND","EKKES","CASSMLRAGNSNQPQHF","QMMVKAGL",-4.08952,"vdj_QMMVKAGL_8","mecfs-cd4-cd8_paired"
"mecfs-cd4-cd8_1302","TISGTDY","GLTSN","AEDRKS","CIPFRHGYALNF","MGHRA","YSYEKL","PNSSL","CASSQEGERYNEQFF","QMMVKAGL",-2.57818,"vdj_QMMVKAGL_23","mecfs-cd4-cd8_paired"
"mecfs-cd4-cd8_1303","TISGNEY","GLKNN","TEDRKS","CIVRPTNNAGNMLTF","LNHDA","SQIVND","EKKES","CASRPATGNYGYTF","QMMVKAGL",-4.62294,"vdj_QMMVKAGL_8","mecfs-cd4-cd8_paired"
"mecfs-cd4-cd8_1313","TRDTTYY","RNSFDEQN","QKSTSS","CALSEARGAQKLVF","MGHRA","YSYEKL","PNSSL","CASSQGWGKGHTYEQYF","QMMVKAGL",-4.53403,"vdj_QMMVKAGL_13","mecfs-cd4-cd8_paired"
"mecfs-cd4-cd8_136","DSAIYN","IQSSQRE","DKSSGR","CAVMGGGADGLTF","SGHNS","FNNNVP","PNASF","CASSSIEDRGYEQYF","QMMVKAGL",-3.4672,"vdj_QMMVKAGL_35","mecfs-cd4-cd8_paired"
"mecfs-cd4-cd8_1360","TSINN","IRSNERE","DTSKKS","CATALDRGSTLGRLYF","SGHAT","FQNNGV","LKGVD","CASSPRDSSYTEAFF","QMMVKAGL",-3.02269,"vdj_QMMVKAGL_53","mecfs-cd4-cd8_paired"
"mecfs-cd4-cd8_1373","NIATNDY","GYKTK","PADRKS","CLVGDIMVTNAGKSTF","SNHLY","FYNNEI","PDGSN","CASSLRDAGGQPQHF","QMMVKAGL",-4.26732,"vdj_QMMVKAGL_16","mecfs-cd4-cd8_paired"
"mecfs-cd4-cd8_1466","DSASNY","IRSNVGE","NKTAKH","CAARRRNQGGKLIF","MGHRA","YSYEKL","PNSSL","CASSHPMTVSGNTIYF","QMMVKAGL",-3.4672,"vdj_QMMVKAGL_19","mecfs-cd4-cd8_paired"
"mecfs-cd4-cd8_1596","DRGSQS","IYSNGD","NKASQY","CAASRYKLSF","SGHNS","FNNNVP","PNASF","CASLGLADTGELFF","QMMVKAGL",-3.82281,"vdj_QMMVKAGL_40","mecfs-cd4-cd8_paired"
"mecfs-cd4-cd8_1625","SSVPPY","YTSAATLV","KKSETS","CAVISSNTGKLIF","DFQATT","SNEGSKA","ASLTL","CSARATGVYGYTF","QMMVKAGL",-2.93379,"vdj_QMMVKAGL_51","mecfs-cd4-cd8_paired"
"mecfs-cd4-cd8_163","DRGSQS","IYSNGD","NKASQY","CAVNRTGRRALTF","SGHAT","FQNNGV","LKGVD","CASSLGGSAYNEQFF","QMMVKAGL",-3.91171,"vdj_QMMVKAGL_34","mecfs-cd4-cd8_paired"
"mecfs-cd4-cd8_169","TSGFNG","NVLDGL","SRSKGY","CAPNSGAGSYQLTF","SGHDT","YYEEEE","FPNYS","CASSPGGESYNEQFF","QMMVKAGL",-3.64501,"vdj_QMMVKAGL_1","mecfs-cd4-cd8_paired"
"mecfs-cd4-cd8_1694","SSYSPS","YTSAATLV","KKSETS","CVVSPGGYQKVTF","DFQATT","SNEGSKA","ASLTL","CSAVGGRGRTHNEQFF","QMMVKAGL",-3.3783,"vdj_QMMVKAGL_51","mecfs-cd4-cd8_paired"
"mecfs-cd4-cd8_1736","SIFNT","LYKAGEL","GITRKD","CAGRGGTSYGKLTF","SGHTA","FQGNSA","TGGSV","CASSLGPNTGELFF","YLQPRTFLL",-4.89531,"vdj_YLQPRTFLL_130","mecfs-cd4-cd8_paired"
"mecfs-cd4-cd8_1764","DSASNY","IRSNVGE","NKTAKH","CAASPTGGYNKLIF","MGHRA","YSYEKL","PNSSL","CASSQDGPGLSQETQYF","QMMVKAGL",-2.84488,"vdj_QMMVKAGL_19","mecfs-cd4-cd8_paired"
"mecfs-cd4-cd8_1806","ATGYPS","ATKADDK","RKETTS","CALSVNQGGKLIF","DFQATT","SNEGSKA","ASLTL","CSALPLDINEQFF","QMMVKAGL",-1.86695,"vdj_QMMVKAGL_30","mecfs-cd4-cd8_paired"
"mecfs-cd4-cd8_183","ATGYPS","ATKADDK","RKETTS","CALSETQGAQKLVF","DFQATT","SNEGSKA","ASLTL","CSATPGETQYF","QMMVKAGL",-2.48927,"vdj_QMMVKAGL_30","mecfs-cd4-cd8_paired"
"mecfs-cd4-cd8_201","SSVPPY","YTSAATLV","KKSETS","CAVSERTGRRALTF","DFQATT","SNEGSKA","ASLTL","CSATPGLAGGHF","QMMVKAGL",-2.84488,"vdj_QMMVKAGL_51","mecfs-cd4-cd8_paired"
"mecfs-cd4-cd8_203","VGISA","LSSGK","NIQEKH","CAVRETSGSRLTF","MGHRA","YSYEKL","PNSSL","CASSQDRRLAGAETQYF","QMMVKAGL",-4.00062,"vdj_QMMVKAGL_58","mecfs-cd4-cd8_paired"
"mecfs-cd4-cd8_207","YGGTVN","YFSGDPLV","IKSKFS","CAVKEKAGNKLTF","SGHDT","YYEEEE","FPNYS","CASSLRLAPSTDTQYF","QMMVKAGL",-3.20049,"vdj_QMMVKAGL_4","mecfs-cd4-cd8_paired"
"mecfs-cd4-cd8_229","ATGYPS","ATKADDK","RKETTS","CALSDRNNAGNMLTF","DFQATT","SNEGSKA","ASLTL","CSAKVNRQADGGYQPQHF","QMMVKAGL",-4.80074,"vdj_QMMVKAGL_30","mecfs-cd4-cd8_paired"
"mecfs-cd4-cd8_251","NSMFDY","ISSIKDK","NKSAKH","CAASHSGGGADGLTF","LGHDT","YNNKEL","PDKAH","CASSQGSYGYTF","QMMVKAGL",-2.40037,"vdj_QMMVKAGL_37","mecfs-cd4-cd8_paired"
"mecfs-cd4-cd8_268","VSGNPY","YITGDNLV","NKSQTS","CAVTSGATNKLIF","SNHLY","FYNNEI","PDGSN","CASRGQAVSNQPQHF","QMMVKAGL",-3.64501,"vdj_QMMVKAGL_27","mecfs-cd4-cd8_paired"
"mecfs-cd4-cd8_274","SSVSVY","YLSGSTLV","NKSQTS","CAVSGFSGGYNKLIF","KGHSH","LQKENI","PKEGP","CASSRPSGSTISYNEQFF","QMMVKAGL",-2.93379,"vdj_QMMVKAGL_6","mecfs-cd4-cd8_paired"
"mecfs-cd4-cd8_278","SSYSPS","YTSAATLV","KKSETS","CVVRGSNQFYF","LNHDA","SQIVND","EKKES","CASSIRGGDTQYF","QMMVKAGL",-3.02269,"vdj_QMMVKAGL_52","mecfs-cd4-cd8_paired"
"mecfs-cd4-cd8_294","TISGNEY","GLKNN","TEDRKS","CIVRVYSGAGSYQLTF","LNHDA","SQIVND","EKKES","CASSILTDSPLHF","QMMVKAGL",-4.88964,"vdj_QMMVKAGL_8","mecfs-cd4-cd8_paired"
"mecfs-cd4-cd8_380","TSGFNG","NVLDGL","SRSKGY","CAVRPGGYNKLIF","KGHSH","LQKENI","PKEGP","CASSQGSESSYEQYF","QMMVKAGL",-3.64501,"vdj_QMMVKAGL_31","mecfs-cd4-cd8_paired"
"mecfs-cd4-cd8_402","NSMFDY","ISSIKDK","NKSAKH","CAASGPYNTDKLIF","LGHDT","YNNKEL","PDKAH","CASSQNREQYF","QMMVKAGL",-2.13366,"vdj_QMMVKAGL_55","mecfs-cd4-cd8_paired"
"mecfs-cd4-cd8_414","NSMFDY","ISSIKDK","NKSAKH","CAASDGSARQLTF","SGDLS","YYNGEE","FPDLH","CASSARTVPTDTQYF","QMMVKAGL",-3.5561,"vdj_QMMVKAGL_17","mecfs-cd4-cd8_paired"
"mecfs-cd4-cd8_453","YGGTVN","YFSGDPLV","IKSKFS","CAVGANNDMRF","MNHEY","SMNVEV","KEKRN","CASSPGGWSSYEQYF","QMMVKAGL",-3.85327,"vdj_QMMVKAGL_45","mecfs-cd4-cd8_paired"
"mecfs-cd4-cd8_47","TISGNEY","GLKNN","TEDRKS","CIVRRIQGGGADGLTF","LGHDT","YNNKEL","PDKAH","CASSQKDRAHEQYF","QMMVKAGL",-2.66708,"vdj_QMMVKAGL_63","mecfs-cd4-cd8_paired"
"mecfs-cd4-cd8_481","SSYSPS","YTSAATLV","KKSETS","CVVSGDSDGQKLLF","LNHDA","SQIVND","EKKES","CASRAGRKGPQHF","QMMVKAGL",-4.44513,"vdj_QMMVKAGL_52","mecfs-cd4-cd8_paired"
"mecfs-cd4-cd8_511","TSESDYY","QEAYKQQN","QKAAKS","CAYGGETSYDKVIF","LGHNT","FRNRAP","PDATL","CASAQMNTEAFF","QMMVKAGL",-4.62294,"vdj_QMMVKAGL_36","mecfs-cd4-cd8_paired"
"mecfs-cd4-cd8_513","VSGNPY","YITGDNLV","NKSQTS","CAVRDMGGGQNFVF","SGDLS","YYNGEE","FPDLH","CASSVEVLPNEQFF","QMMVKAGL",-4.53403,"vdj_QMMVKAGL_3","mecfs-cd4-cd8_paired"
"mecfs-cd4-cd8_58","DSAIYN","IQSSQRE","DKSSGR","CAVGSSNTGKLIF","SGHDY","FNNNVP","PNASF","CASSFWGDTQYF","QMMVKAGL",-3.4672,"vdj_QMMVKAGL_35","mecfs-cd4-cd8_paired"
"mecfs-cd4-cd8_607","ATGYPS","ATKADDK","RKETTS","CALSSNTGGFKTIF","DFQATT","SNEGSKA","ASLTL","CSARDRGTSGNTIYF","QMMVKAGL",-3.91171,"vdj_QMMVKAGL_30","mecfs-cd4-cd8_paired"
"mecfs-cd4-cd8_629","ATGYPS","ATKADDK","RKETTS","CASDGTSYGKLTF","DFQATT","SNEGSKA","ASLTL","CSASPGQGRGDGYTF","QMMVKAGL",-3.11159,"vdj_QMMVKAGL_30","mecfs-cd4-cd8_paired"
"mecfs-cd4-cd8_63","DSASNY","IRSNVGE","NKTAKH","CAASLGSARQLTF","MGHRA","YSYEKL","PNSSL","CASSQDGGLAGGKNIQYF","QMMVKAGL",-3.4672,"vdj_QMMVKAGL_19","mecfs-cd4-cd8_paired"
"mecfs-cd4-cd8_700","VSGLRG","LYSAGEE","TKKE","CAVQDRDSGYSTLTF","DFQATT","SNEGSKA","ASLTL","CSASRRAGVREQYF","QMMVKAGL",-2.93379,"vdj_QMMVKAGL_60","mecfs-cd4-cd8_paired"
"mecfs-cd4-cd8_804","NSMFDY","ISSIKDK","NKSAKH","CAASALGSDKIIF","LGHDT","YNNKEL","PDKAH","CASSQAGTGDYQETQYF","QMMVKAGL",-4.00062,"vdj_QMMVKAGL_55","mecfs-cd4-cd8_paired"
"mecfs-cd4-cd8_811","TSINN","IRSNERE","DTSKKS","CATGETSGSRLTF","SGHAT","FQNNGV","LKGVD","CASSLLGNEQFF","QMMVKAGL",-2.31147,"vdj_QMMVKAGL_53","mecfs-cd4-cd8_paired"
"mecfs-cd4-cd8_818","NIATNDY","GYKTK","PADRKS","CLVVMGGYNKLIF","SNHLY","FYNNEI","PDGSN","CASSEYQGGYGYTF","QMMVKAGL",-4.62294,"vdj_QMMVKAGL_16","mecfs-cd4-cd8_paired"
"mecfs-cd4-cd8_827","NIATNDY","GYKTK","PADRKS","CLVGFSGGYNKLIF","SNHLY","FYNNEI","PDGSN","CASSESGITDTQYF","QMMVKAGL",-3.73391,"vdj_QMMVKAGL_16","mecfs-cd4-cd8_paired"
"mecfs-cd4-cd8_832","ATGYPS","ATKADDK","RKETTS","CALSVLSGTYKYIF","SGHAT","FQNNGV","LKGVD","CASSFGLAGGAYEQYF","QMMVKAGL",-3.20049,"vdj_QMMVKAGL_28","mecfs-cd4-cd8_paired"
"mecfs-cd4-cd8_843","YGATPY","YFSGDTLV","KRSQSS","CAVGPSNTGKLIF","MNHEY","SMNVEV","KEKRN","CASSPRSYRGQETQYF","QMMVKAGL",-3.02269,"vdj_QMMVKAGL_45","mecfs-cd4-cd8_paired"
"mecfs-cd4-cd8_873","SSVPPY","YTSAATLV","KKSETS","CAVSDPNSGGSNYKLTF","DFQATT","SNEGSKA","ASLTL","CSARGNGLRWNEQFF","QMMVKAGL",-2.57818,"vdj_QMMVKAGL_51","mecfs-cd4-cd8_paired"
"mecfs-cd4-cd8_876","VSGLRG","LYSAGEE","TKKE","CAVQAYKLSF","SGHDY","FNNNVP","PNASF","CASSLGQGGGYTF","QMMVKAGL",-4.44513,"vdj_QMMVKAGL_38","mecfs-cd4-cd8_paired"
"mecfs-cd4-cd8_898","TISGNEY","GLKNN","TEDRKS","CIVEGRDDKIIF","LGHDT","YNNKEL","PDKAH","CASSQDLAIDTQYF","QMMVKAGL",-2.40037,"vdj_QMMVKAGL_63","mecfs-cd4-cd8_paired"
"mecfs-cd4-cd8_925","VSGLRG","LYSAGEE","TKKE","CAVQANSNSGYALNF","DFQATT","SNEGSKA","ASLTL","CSARDLAGGTDTQYF","QMMVKAGL",-3.2894,"vdj_QMMVKAGL_60","mecfs-cd4-cd8_paired"
"mecfs-cd4-cd8_93","TISGNEY","GLKNN","TEDRKS","CIGLRDNNDMRF","LNHDA","SQIVND","EKKES","CASSSQTGANTEAFF","QMMVKAGL",-2.04476,"vdj_QMMVKAGL_8","mecfs-cd4-cd8_paired"
"mecfs-cd4-cd8_931","SSVPPY","YTSAATLV","KKSETS","CAVSDAGNQFYF","DFQATT","SNEGSKA","ASLTL","CSARPDRGRRNEQFF","QMMVKAGL",-2.48927,"vdj_QMMVKAGL_51","mecfs-cd4-cd8_paired"
"mecfs-cd4-cd8_932","VSGNPY","YITGDNLV","NKSQTS","CAVRDDNTGFQKLVF","SGDLS","YYNGEE","FPDLH","CASSVTGGSYEQYF","QMMVKAGL",-3.64501,"vdj_QMMVKAGL_3","mecfs-cd4-cd8_paired"
"mecfs-cd4-cd8_952","ATGYPS","ATKADDK","RKETTS","CALLNSGGYQKVTF","DFQATT","SNEGSKA","ASLTL","CSARDKGEVEAFF","QMMVKAGL",-2.13366,"vdj_QMMVKAGL_30","mecfs-cd4-cd8_paired"
"mecfs-cd4-cd8_955","NSMFDY","ISSIKDK","NKSAKH","CAASALGGANNLFF","SGDLS","YYNGEE","FPDLH","CASSVAGTGFGNEKLFF","QMMVKAGL",-2.75598,"vdj_QMMVKAGL_17","mecfs-cd4-cd8_paired"
"mecfs-cd4-cd8_976","SSVPPY","YTSAATLV","KKSETS","CAVSGWGNAGNMLTF","DFQATT","SNEGSKA","ASLTL","CSARFGQTNTEAFF","QMMVKAGL",-2.75598,"vdj_QMMVKAGL_51","mecfs-cd4-cd8_paired"
"mecfs-cd8_1040","NSMFDY","ISSIKDK","NKSAKH","CAATTNFGNEKLTF","LGHDT","YNNKEL","PDKAH","CASSQEGRSGANVLTF","QMMVKAGL",-4.08952,"vdj_QMMVKAGL_55","mecfs-cd8_paired"
"mecfs-cd8_113","YGATPY","YFSGDTLV","KRSQSS","CAVVPWGAGNMLTF","MNHEY","SMNVEV","KEKRN","CASSLGGSYEQYF","QMMVKAGL",-2.31147,"vdj_QMMVKAGL_45","mecfs-cd8_paired"
"mecfs-cd8_1133","DSAIYN","IQSSQRE","DKSSGR","CAVADSWGKLQF","SGHDY","FNNNVP","PNASF","CASSFWTNQETQYF","QMMVKAGL",-3.11159,"vdj_QMMVKAGL_35","mecfs-cd8_paired"
"mecfs-cd8_1146","DSAIYN","IQSSQRE","DKSSGR","CAVRPVNDYKLSF","SGHDY","FNNNVP","PNASF","CASSRDSYNQPQHF","QMMVKAGL",-3.11159,"vdj_QMMVKAGL_35","mecfs-cd8_paired"
"mecfs-cd8_1225","SSVPPY","YTSAATLV","KKSETS","CLVGFGNEKLTF","LNHDA","SQIVND","EKKES","CASSIGTSTEAFF","QMMVKAGL",-2.40037,"vdj_QMMVKAGL_52","mecfs-cd8_paired"
"mecfs-cd8_126","TSDQSYG","QGSYDEQN","QKARKS","CAMREGGNFNKFYF","SQVTM","ANQGSEA","PNLTF","CSVGGTSGTQSYNEQFF","YVLDHLIVV",-4,"chan_GILGFVFTL_YVLDHLIVV_22","mecfs-cd8_paired"
"mecfs-cd8_1316","DSASNY","IRSNVGE","NKTAKH","CAASMGRDDKIIF","MGHRA","YSYEKL","PNSSL","CASSLAGAAEYEQFF","QMMVKAGL",-3.82281,"vdj_QMMVKAGL_19","mecfs-cd8_paired"
"mecfs-cd8_1318","NSMFDY","ISSIKDK","NKSAKH","CAASDSFGNEKLTF","SGDLS","YYNGEE","FPDLH","CASSVGGNEQYF","QMMVKAGL",-3.2894,"vdj_QMMVKAGL_17","mecfs-cd8_paired"
"mecfs-cd8_1326","TSGFYG","NALDGL","SRSDSY","CAVLNDYKLSF","KGHSH","LQKENI","PKEGP","CASSPSERAYEQYF","QMMVKAGL",-4.9201,"vdj_QMMVKAGL_31","mecfs-cd8_paired"
"mecfs-cd8_1441","DSAIYN","IQSSQRE","DKSSGR","CAVEGSGTYKYIF","SGHDY","FNNNVP","PNASF","CASRDSQGSPYGYTF","QMMVKAGL",-2.31147,"vdj_QMMVKAGL_35","mecfs-cd8_paired"
"mecfs-cd8_1480","ATGYPS","ATKADDK","RKETTS","CALRIQGAQKLVF","SGHAT","FQNNGV","LKGVD","CASSLERGQAFF","QMMVKAGL",-3.4672,"vdj_QMMVKAGL_28","mecfs-cd8_paired"
"mecfs-cd8_1484","DRGSQS","IYSNGD","NKASQY","CAVNVGKLIF","SGHAT","FQNNGV","LKGVD","CASSLEGQGLEDEQYF","QMMVKAGL",-4.00062,"vdj_QMMVKAGL_34","mecfs-cd8_paired"
"mecfs-cd8_1540","DRGSQS","IYSNGD","NKASQY","CAVPHRGYQKVTF","SGHDY","FNNNVP","PNASF","CASSLDRAGTEAFF","QMMVKAGL",-3.3783,"vdj_QMMVKAGL_40","mecfs-cd8_paired"
"mecfs-cd8_1562","TISGNEY","GLKNN","TEDRKS","CIVRVAVGMDSSYKLIF","LNHDA","SQIVND","EKKES","CASSGTTGGNQPQHF","QMMVKAGL",-3.73391,"vdj_QMMVKAGL_8","mecfs-cd8_paired"
"mecfs-cd8_1600","TSINN","IRSNERE","DTSKKS","CATDQYGANNLFF","LGHDT","YNNKEL","PDKAH","CASSQGRTLNYGYTF","QMMVKAGL",-3.5561,"vdj_QMMVKAGL_47","mecfs-cd8_paired"
"mecfs-cd8_1683","DSASNY","IRSNVGE","NKTAKH","CAAKYNFNKFYF","MGHRA","YSYEKL","PNSSL","CASSPREDTQYF","QMMVKAGL",-4.35623,"vdj_QMMVKAGL_19","mecfs-cd8_paired"
"mecfs-cd8_1684","VSGLRG","LYSAGEE","TKKE","CAVQARGYNFNKFYF","SGHDY","FNNNVP","PNASF","CASSLYSEDSNQPQHF","QMMVKAGL",-3.4672,"vdj_QMMVKAGL_38","mecfs-cd8_paired"
"mecfs-cd8_1720","TSINN","IRSNERE","DTSKKS","CATDMNYGGSQGNLIF","SGHAT","FQNNGV","LKGVD","CASSLAPSNYEQYF","QMMVKAGL",-1.68915,"vdj_QMMVKAGL_53","mecfs-cd8_paired"
"mecfs-cd8_183","TSGFNG","NVLDGL","SRSKGY","CAVPLNQAGTALIF","SGHDT","YYEEEE","FPNYS","CASSLMTPPQNYGYTF","QMMVKAGL",-2.04476,"vdj_QMMVKAGL_1","mecfs-cd8_paired"
"mecfs-cd8_1853","ATGYPS","ATKADDK","RKETTS","CALDFGNEKLTF","DFQATT","SNEGSKA","ASLTL","CSARGGGELFF","QMMVKAGL",-2.93379,"vdj_QMMVKAGL_30","mecfs-cd8_paired"
"mecfs-cd8_1914","TSESDYY","QEAYKQQN","QKAAKS","CAYKDDKIIF","MNHEY","SVGEGT","LKKQN","CASRGSMNTEAFF","KLVALGINAV",-2.81045,"vdj_KLVALGINAV_18","mecfs-cd8_paired"
"mecfs-cd8_1949","DRGSQS","IYSNGD","NKASQY","CAVSDSGGYNKLIF","SGHNS","FNNNVP","PNASF","CASSLRPMYNEQFF","QMMVKAGL",-3.73391,"vdj_QMMVKAGL_40","mecfs-cd8_paired"
"mecfs-cd8_197","YGGTVN","YFSGDPLV","IKSKFS","CAAYNFNKFYF","SGHDT","YYEEEE","FPNYS","CASSPFSGSADTQYF","QMMVKAGL",-2.75598,"vdj_QMMVKAGL_4","mecfs-cd8_paired"
"mecfs-cd8_2070","ATGYPS","ATKADDK","RKETTS","CALNMEYGNKLVF","SGHAT","FQNNGV","LKGVD","CASSRSGLAQGETQYF","QMMVKAGL",-1.60025,"vdj_QMMVKAGL_28","mecfs-cd8_paired"
"mecfs-cd8_209","DSSSTY","IFSNMDM","NKKDKH","CAEYSSASKIIF","SGHDN","FVKESK","TGGTY","CASSQSPGGTQYF","GLCTLVAML",0,"iedb_GLCTLVAML_79","mecfs-cd8_paired"
"mecfs-cd8_2100","YGATPY","YFSGDTLV","KRSQSS","CAALPMLILTGGGNKLTF","MNHEY","SMNVEV","KEKRN","CASSSPTGGIDEQYF","QMMVKAGL",-2.84488,"vdj_QMMVKAGL_45","mecfs-cd8_paired"
"mecfs-cd8_211","TSGFNG","NVLDGL","SRSKGY","CAVRGHSGGYQKVTF","SGHDT","YYEEEE","FPNYS","CASSLSGGGLQETQYF","QMMVKAGL",-3.20049,"vdj_QMMVKAGL_1","mecfs-cd8_paired"
"mecfs-cd8_2146","YGGTVN","YFSGDPLV","IKSKFS","CASSSGGYNKLIF","MNHEY","SMNVEV","KEKRN","CASSSGQGSIGEAFF","QMMVKAGL",-4.65339,"vdj_QMMVKAGL_45","mecfs-cd8_paired"
"mecfs-cd8_2166","DSASNY","IRSNVGE","NKTAKH","CAASIGAGNNRKLIW","MGHRA","YSYEKL","PNSSL","CASSQGQANMYF","QMMVKAGL",-4.08952,"vdj_QMMVKAGL_19","mecfs-cd8_paired"
"mecfs-cd8_2244","DSASNY","IRSNVGE","NKTAKH","CAASGSSQPNTNAGKSTF","MGHRA","YSYEKL","PNSSL","CASSQGDGISLISGNTIYF","QMMVKAGL",-4.35623,"vdj_QMMVKAGL_19","mecfs-cd8_paired"
"mecfs-cd8_2282","SSVPPY","YTSAATLV","KKSETS","CAVSAGGYQKVTF","LNHDA","SQIVND","EKKES","CASSAGLKYQPQHF","QMMVKAGL",-3.73391,"vdj_QMMVKAGL_52","mecfs-cd8_paired"
"mecfs-cd8_2288","YGGTVN","YFSGDPLV","IKSKFS","CAASGGYNKLIF","SGHDT","YYEEEE","FPNYS","CASSLGGGNEQFF","QMMVKAGL",-3.91171,"vdj_QMMVKAGL_4","mecfs-cd8_paired"
"mecfs-cd8_2306","DSVNN","IPSGT","VATERY","CAPRNTDKLIF","SGDLS","YYNGEE","FPDLH","CASSVGGYTEAFF","QMMVKAGL",-3.20049,"vdj_QMMVKAGL_20","mecfs-cd8_paired"
"mecfs-cd8_2377","DRGSQS","IYSNGD","NKASQY","CAVDSPASGGSYIPTF","SGHDY","FNNNVP","PNASF","CASSRAGPGADTQYF","QMMVKAGL",-2.40037,"vdj_QMMVKAGL_40","mecfs-cd8_paired"
"mecfs-cd8_2433","DRGSQS","IYSNGD","NKASQY","CAVNQLIW","SGHAT","FQNNGV","LKGVD","CASSSGTYNEQFF","QMMVKAGL",-2.48927,"vdj_QMMVKAGL_34","mecfs-cd8_paired"
"mecfs-cd8_245","DRGSQS","IYSNGD","NKASQY","CAVNPTDKLIF","SGHDY","FNNNVP","PNASF","CASSRWGGANTGELFF","QMMVKAGL",-3.5561,"vdj_QMMVKAGL_40","mecfs-cd8_paired"
"mecfs-cd8_249","SSVSVY","YLSGSTLV","NKSQTS","CAVSHSGGYQKVTF","LGHDT","YNNKEL","PDKAH","CASSPVGRDYEQYF","QMMVKAGL",-2.13366,"vdj_QMMVKAGL_46","mecfs-cd8_paired"
"mecfs-cd8_2547","DRGSQS","IYSNGD","NKASQY","CAVNFYNQGGKLIF","SGHNS","FNNNVP","PNASF","CASSFSTDYNEQFF","QMMVKAGL",-3.73391,"vdj_QMMVKAGL_40","mecfs-cd8_paired"
"mecfs-cd8_255","SSYSPS","YTSAATLV","KKSETS","CVVSVMNRDDKIIF","LNHDA","SQIVND","EKKES","CASSLGGLRYF","QMMVKAGL",-4.35623,"vdj_QMMVKAGL_52","mecfs-cd8_paired"
"mecfs-cd8_2577","SVFSS","VVTGGEV","GDARKD","CAGGGSQGNLIF","LNHDA","SQIVND","EKKES","CASSIRSSYEQYF","GILGFVFTL",0,"chan_GILGFVFTL_62","mecfs-cd8_paired"
"mecfs-cd8_2718","DRGSQS","IYSNGD","NKASQY","CAVKLTGGGNKLTF","SGHDY","FNNNVP","PNASF","CASSFLGPGTGELFF","QMMVKAGL",-3.5561,"vdj_QMMVKAGL_40","mecfs-cd8_paired"
"mecfs-cd8_2761","TISGNEY","GLKNN","TEDRKS","CIVRGAGANSKLTF","LNHDA","SQIVND","EKKES","CASSEGRYNSPLHF","QMMVKAGL",-4.17842,"vdj_QMMVKAGL_8","mecfs-cd8_paired"
"mecfs-cd8_2993","DRGSQS","IYSNGD","NKASQY","CAVVGAGSARQLTF","SGHDY","FNNNVP","PNASF","CASSLKGPTDTQYF","QMMVKAGL",-2.93379,"vdj_QMMVKAGL_40","mecfs-cd8_paired"
"mecfs-cd8_30","TSGFNG","NVLDGL","SRSKGY","CAVSTSNDYKLSF","KGHSH","LQKENI","PKEGP","CASSPPRGGAVNEQFF","QMMVKAGL",-3.4672,"vdj_QMMVKAGL_31","mecfs-cd8_paired"
"mecfs-cd8_3003","SSYSPS","YTSAATLV","KKSETS","CVVSPYILTGGGNKLTF","DFQATT","SNEGSKA","ASLTL","CSARNRDSYYEQYF","QMMVKAGL",-2.13366,"vdj_QMMVKAGL_51","mecfs-cd8_paired"
"mecfs-cd8_304","TSENNYY","QEAYKQQN","QKAAKS","CAFMKYGNEKLTF","LGHNT","FRNRAP","PDATL","CASGLAGEGETQYF","QMMVKAGL",-3.20049,"vdj_QMMVKAGL_36","mecfs-cd8_paired"
"mecfs-cd8_305","DRGSQS","IYSNGD","NKASQY","CAGGAGNQFYF","SGHNS","FNNNVP","PNASF","CASSLGQLQPQHF","QMMVKAGL",-4.53403,"vdj_QMMVKAGL_40","mecfs-cd8_paired"
"mecfs-cd8_3160","YGGTVN","YFSGDPLV","IKSKFS","CAVKNTDKLIF","LNHDA","SQIVND","EKKES","CASMALYDYGYTF","YVLDHLIVV",-4.54094,"chan_GILGFVFTL_YVLDHLIVV_97","mecfs-cd8_paired"
"mecfs-cd8_338","NSMFDY","ISSIKDK","NKSAKH","CAASQGAQKLVF","SGHAT","FQNNGV","LKGVD","CASSPISGRGNEQFF","QMMVKAGL",-2.40037,"vdj_QMMVKAGL_57","mecfs-cd8_paired"
"mecfs-cd8_37","YGATPY","YFSGDTLV","KRSQSS","CAVVMTTDSWGKLQF","MNHEY","SMNVEV","KEKRN","CASSKTGWNTEAFF","QMMVKAGL",-3.4672,"vdj_QMMVKAGL_45","mecfs-cd8_paired"
"mecfs-cd8_430","DRGSQS","IYSNGD","NKASQY","CAEGNTPLVF","SGHAT","FQNNGV","LKGVD","CASSLGTGTTDTQYF","QMMVKAGL",-3.82281,"vdj_QMMVKAGL_34","mecfs-cd8_paired"
"mecfs-cd8_5","DSASNY","IRSNVGE","NKTAKH","CAVNNAGNMLTF","MGHRA","YSYEKL","PNSSL","CASTFGQGESPLHF","QMMVKAGL",-4.17842,"vdj_QMMVKAGL_19","mecfs-cd8_paired"
"mecfs-cd8_535","DSSSTY","IFSNMDM","NKKDKH","CAVVDRGSTLGRLYF","MGHDK","SYGVNS","IRTEH","CASRDPSYNEQFF","QMMVKAGL",-2.57818,"vdj_QMMVKAGL_43","mecfs-cd8_paired"
"mecfs-cd8_537","TSINN","IRSNERE","DTSKKS","CATGGGTSYGKLTF","LGHDT","YNNKEL","PDKAH","CASSYGSAEETQYF","QMMVKAGL",-3.20049,"vdj_QMMVKAGL_47","mecfs-cd8_paired"
"mecfs-cd8_617","VSGNPY","YITGDNLV","NKSQTS","CAVTPKKRTLTF","SGDLS","YYNGEE","FPDLH","CASSVATGTSGGYEQFF","QMMVKAGL",-3.20049,"vdj_QMMVKAGL_3","mecfs-cd8_paired"
"mecfs-cd8_656","DSSSTY","IFSNMDM","NKKDKH","CAESTGKLIF","SQVTM","ANQGSEA","PNLTF","CSVGTQGTNEKLFF","GLCTLVAML",-2.29967,"iedb_GLCTLVAML_73","mecfs-cd8_paired"
"mecfs-cd8_673","TSESDYY","QEAYKQQN","QKAAKS","CAYREGAQKLVF","SEHNR","FQNEAQ","PKGSF","CASSFSTPYGYTF","KLVALGINAV",-1.35075,"vdj_KLVALGINAV_19","mecfs-cd8_paired"
"mecfs-cd8_819","VSGNPY","YITGDNLV","NKSQTS","CAVRESGNYQLIW","SNHLY","FYNNEI","PDGSN","CASTDPRNRGNTEAFF","QMMVKAGL",-3.2894,"vdj_QMMVKAGL_27","mecfs-cd8_paired"
"mecfs-cd8_832","VSGLRG","LYSAGEE","TKKE","CAVQAGGYAGGTSYGKLTF","DFQATT","SNEGSKA","ASLTL","CSARRRSIGAFF","QMMVKAGL",-2.40037,"vdj_QMMVKAGL_60","mecfs-cd8_paired"
"mecfs-cd8_917","DSASNY","IRSNVGE","NKTAKH","CAAATSGTYKYIF","MGHRA","YSYEKL","PNSSL","CASSQGAGGSTDTQYF","QMMVKAGL",-2.93379,"vdj_QMMVKAGL_19","mecfs-cd8_paired"
